client_id,ttff_ms,avg_latency_ms,min_latency_ms,max_latency_ms,stall_count,total_stall_ms,error_count
0,283,2815.2,2299.6,4091.9,4,3073,0
1,280.30000000074506,2956.5,2239.3,4357.6,3,1809,0
2,254.69999999925494,2914.7,2152.5,3756.8,4,2475,0
3,247.80000000074506,2933.4,2191.2,3969.6,4,2870,0
4,306.59999999962747,3584.1,2123.7,5831.7,14,7432,0
5,268.5,2896.4,2204.2,3855.4,4,3450,0
6,260.90000000037253,2812.1,2261.2,4243.6,6,3008,0
7,475.40000000037253,3114.8,2327.2,5674.0,3,3872,0
8,296.59999999962747,2522.5,2093.2,4071.4,3,1757,0
9,430.70000000018626,2593.3,2131.4,3301.3,4,2262,0
10,424.29999999981374,2860.2,2096.2,5091.5,5,3845,0
11,334.5,2707.0,2113.0,3995.3,4,3342,0
12,302.40000000037253,3005.9,2303.8,4213.8,3,1772,0
13,308.29999999981374,2908.0,2306.2,3977.9,4,3046,0
14,346.90000000037253,3061.8,2308.3,4093.9,4,3299,0
15,421.29999999981374,2587.8,2109.2,4375.0,3,2154,0
16,326.69999999925494,2654.1,2141.0,4358.5,5,2011,0
17,321.1000000005588,3801.0,2280.9,5190.7,14,5201,0
18,508.79999999981374,3315.6,2650.0,4454.6,3,1936,0
19,1278.699999999255,2594.6,2167.9,3872.8,3,2094,0
20,623,2615.9,2143.0,4173.4,4,2390,0
21,404.20000000018626,2612.4,2094.2,3243.5,3,2583,0
22,368,2585.6,2141.6,3256.2,3,2440,0
23,366.59999999962747,2596.9,2131.7,3322.2,3,2240,0
24,398.5,2576.8,2088.2,3073.8,3,2233,0
25,470.90000000037253,2690.8,2127.6,4108.6,4,3321,0
26,430.20000000018626,2604.6,2088.9,3994.2,3,1785,0
27,1201.2000000001863,2605.6,2154.3,3728.9,3,2552,0
28,1348.5,2720.2,2178.6,4299.2,4,2312,0
29,1319,2814.9,2232.7,4085.9,3,1645,0
30,768,2580.7,2177.1,4052.9,3,1850,0
31,638.9000000003725,2668.4,2165.2,3795.4,3,1502,0
32,624.3000000007451,4066.6,2682.2,4922.2,4,3159,0
33,1578.5999999996275,3991.6,3096.9,4303.1,4,2670,0
34,1194.1000000005588,3758.3,3119.9,5072.1,4,2824,0
35,2533.2999999998137,3051.2,2454.4,4650.5,13,3707,0
